timestamp,user_id,username,message_text,bot_response,response_time,total_tokens,cost
2025-03-22T15:26:49.600805,5847340672,moremanag,"–ù–∞ –¢–ü-40 —Å–≤–µ—Ç –≥–æ—Ä–∏—Ç –ø–æ—Å—Ç–æ—è–Ω–Ω–æ, —Ö–æ—Ç—è –≤ —Ä–∞—Å–ø–∏—Å–∞–Ω–∏–∏ —É–∫–∞–∑–∞–Ω–æ –¥—Ä—É–≥–æ–µ –≤—Ä–µ–º—è.","üîß –ü—Ä–æ–±–ª–µ–º–∞: –°–≤–µ—Ç –Ω–∞ –¢–ü-40 –≥–æ—Ä–∏—Ç –ø–æ—Å—Ç–æ—è–Ω–Ω–æ, –Ω–µ—Å–º–æ—Ç—Ä—è –Ω–∞ —É–∫–∞–∑–∞–Ω–Ω–æ–µ –≤ —Ä–∞—Å–ø–∏—Å–∞–Ω–∏–∏ –¥—Ä—É–≥–æ–µ –≤—Ä–µ–º—è –æ—Ç–∫–ª—é—á–µ–Ω–∏—è.
üîé –í–æ–∑–º–æ–∂–Ω—ã–µ –ø—Ä–∏—á–∏–Ω—ã:
  1. –°–±–æ–π —Ç–∞–π–º–µ—Ä–∞ –≤—Ä–µ–º–µ–Ω–∏.
  2. –ù–µ–∫–æ—Ä—Ä–µ–∫—Ç–Ω–∞—è —Ä–∞–±–æ—Ç–∞ –¥–∞—Ç—á–∏–∫–æ–≤ –æ—Å–≤–µ—â–µ–Ω–Ω–æ—Å—Ç–∏.
  3. –û—à–∏–±–∫–∞ –≤ –ø—Ä–æ–≥—Ä–∞–º–º–Ω–æ–º –æ–±–µ—Å–ø–µ—á–µ–Ω–∏–∏ –∫–æ–Ω—Ç—Ä–æ–ª–ª–µ—Ä–∞.
  4. –ú–µ—Ö–∞–Ω–∏—á–µ—Å–∫–∞—è –Ω–µ–∏—Å–ø—Ä–∞–≤–Ω–æ—Å—Ç—å –≤—ã–∫–ª—é—á–∞—Ç–µ–ª—è –∏–ª–∏ –ø—Ä–æ–≤–æ–¥–∫–∏.",1.5735197067260742,1613,0.3226
2025-03-22T15:33:53.365122,5847340672,moremanag,"–ö–æ–Ω—Ç—Ä–æ–ª–ª–µ—Ä –Ω–∞ –¢–ü-87 –ø–æ—Å—Ç–æ—è–Ω–Ω–æ –ø–µ—Ä–µ–∑–∞–≥—Ä—É–∂–∞–µ—Ç—Å—è. –°–∏–º-–∫–∞—Ä—Ç–∞ –æ–ø–ª–∞—á–µ–Ω–∞, —Å–∏–≥–Ω–∞–ª —Ö–æ—Ä–æ—à–∏–π. –í —á—ë–º –º–æ–∂–µ—Ç –±—ã—Ç—å –ø—Ä–∏—á–∏–Ω–∞?","üîß –ü—Ä–æ–±–ª–µ–º–∞: –ö–æ–Ω—Ç—Ä–æ–ª–ª–µ—Ä –Ω–∞ –¢–ü-87 –ø–æ—Å—Ç–æ—è–Ω–Ω–æ –ø–µ—Ä–µ–∑–∞–≥—Ä—É–∂–∞–µ—Ç—Å—è.
üîé –í–æ–∑–º–æ–∂–Ω—ã–µ –ø—Ä–∏—á–∏–Ω—ã:
  1. –ù–∏–∑–∫–æ–µ –∫–∞—á–µ—Å—Ç–≤–æ —Å–æ—Ç–æ–≤–æ–π —Å–µ—Ç–∏.
  2. –ü–µ—Ä–µ–ø–æ–ª–Ω–µ–Ω–∏–µ –ø–∞–º—è—Ç–∏ –∫–æ–Ω—Ç—Ä–æ–ª–ª–µ—Ä–∞.
  3. –û—à–∏–±–∫–∏ –≤ –ø—Ä–æ–≥—Ä–∞–º–º–Ω–æ–º –æ–±–µ—Å–ø–µ—á–µ–Ω–∏–∏.
  4. –ü—Ä–æ–±–ª–µ–º—ã —Å —Å–∏–º-–∫–∞—Ä—Ç–æ–π.
  5. –ü–ª–æ—Ö–æ–π –∫–æ–Ω—Ç–∞–∫—Ç –∞–Ω—Ç–µ–Ω–Ω—ã –∏–ª–∏ –µ—ë –ø–æ–≤—Ä–µ–∂–¥–µ–Ω–∏–µ.
üõ†Ô∏è –†–µ—à–µ–Ω–∏–µ:
   1. –ü—Ä–æ–≤–µ—Ä—å—Ç–µ –∫–∞—á–µ—Å—Ç–≤–æ —Å–æ—Ç–æ–≤–æ–≥–æ —Å–∏–≥–Ω–∞–ª–∞ –≤ –º–µ—Å—Ç–µ —É—Å—Ç–∞–Ω–æ–≤–∫–∏ –∫–æ–Ω—Ç—Ä–æ–ª–ª–µ—Ä–∞.
   2. –û—Å–≤–æ–±–æ–¥–∏—Ç–µ –ø–∞–º—è—Ç—å –∫–æ–Ω—Ç—Ä–æ–ª–ª–µ—Ä–∞, —É–¥–∞–ª–∏–≤ –Ω–µ–Ω—É–∂–Ω—ã–µ –¥–∞–Ω–Ω—ã–µ –∏–ª–∏ –æ–±–Ω–æ–≤–ª–µ–Ω–∏—è.
   3. –û–±—Ä–∞—Ç–∏—Ç–µ—Å—å –≤ —Å–ª—É–∂–±—É –ø–æ–¥–¥–µ—Ä–∂–∫–∏ –ø—Ä–æ–∏–∑–≤–æ–¥–∏—Ç–µ–ª—è –¥–ª—è –ø—Ä–æ–≤–µ—Ä–∫–∏ –∏ –æ–±–Ω–æ–≤–ª–µ–Ω–∏—è –ü–û.
   4. –ü—Ä–æ–≤–µ—Ä—å—Ç–µ —Å–∏–º-–∫–∞—Ä—Ç—É –Ω–∞ –¥—Ä—É–≥–æ–º —É—Å—Ç—Ä–æ–π—Å—Ç–≤–µ, —á—Ç–æ–±—ã —É–±–µ–¥–∏—Ç—å—Å—è –≤ –µ—ë —Ä–∞–±–æ—Ç–æ—Å–ø–æ—Å–æ–±–Ω–æ—Å—Ç–∏.
   5. –£–±–µ–¥–∏—Ç–µ—Å—å, —á—Ç–æ –∞–Ω—Ç–µ–Ω–Ω–∞ –ø—Ä–∞–≤–∏–ª—å–Ω–æ —É—Å—Ç–∞–Ω–æ–≤–ª–µ–Ω–∞ –∏ –Ω–µ –∏–º–µ–µ—Ç –ø–æ–≤—Ä–µ–∂–¥–µ–Ω–∏–π.
üìå –†–µ–∫–æ–º–µ–Ω–¥–∞—Ü–∏–∏:
   - –†–µ–≥—É–ª—è—Ä–Ω–æ –ø—Ä–æ–≤–µ—Ä—è–π—Ç–µ –∫–∞—á–µ—Å—Ç–≤–æ —Å–æ—Ç–æ–≤–æ–π —Å–≤—è–∑–∏ –≤ –º–µ—Å—Ç–µ —É—Å—Ç–∞–Ω–æ–≤–∫–∏ –∫–æ–Ω—Ç—Ä–æ–ª–ª–µ—Ä–∞.
   - –°–≤–æ–µ–≤—Ä–µ–º–µ–Ω–Ω–æ –æ–±–Ω–æ–≤–ª—è–π—Ç–µ –ø—Ä–æ–≥—Ä–∞–º–º–Ω–æ–µ –æ–±–µ—Å–ø–µ—á–µ–Ω–∏–µ –∫–æ–Ω—Ç—Ä–æ–ª–ª–µ—Ä–∞.",1.6647231578826904,1670,0.334
2025-03-22T17:46:58.138692,5847340672,moremanag,"–í —Å–∏—Å—Ç–µ–º–µ –Ω–∞–ø–∏—Å–∞–Ω–æ ""–û—à–∏–±–∫–∞ –±–∞–∑—ã –¥–∞–Ω–Ω—ã—Ö"". –ù–µ –º–æ–∂–µ–º –≤–æ–π—Ç–∏ –≤ –∏–Ω—Ç–µ—Ä—Ñ–µ–π—Å —É–ø—Ä–∞–≤–ª–µ–Ω–∏—è. –ö–∞–∫ –≤–∫–ª—é—á–∏—Ç—å –æ—Å–≤–µ—â–µ–Ω–∏–µ? –≠—Ç–æ —Å—Ä–æ—á–Ω–æ!","üîß **–ü—Ä–æ–±–ª–µ–º–∞:** –û—à–∏–±–∫–∞ –±–∞–∑—ã –¥–∞–Ω–Ω—ã—Ö –ø—Ä–∏ –ø–æ–ø—ã—Ç–∫–µ –≤—Ö–æ–¥–∞ –≤ –∏–Ω—Ç–µ—Ä—Ñ–µ–π—Å —É–ø—Ä–∞–≤–ª–µ–Ω–∏—è. –ù–µ–≤–æ–∑–º–æ–∂–Ω–æ –≤–∫–ª—é—á–∏—Ç—å –æ—Å–≤–µ—â–µ–Ω–∏–µ.
üîé **–í–æ–∑–º–æ–∂–Ω—ã–µ –ø—Ä–∏—á–∏–Ω—ã:**
  1. –ù–µ–∫–æ—Ä—Ä–µ–∫—Ç–Ω–∞—è –∫–æ–Ω—Ñ–∏–≥—É—Ä–∞—Ü–∏—è –±–∞–∑—ã –¥–∞–Ω–Ω—ã—Ö.
  2. –ü–æ–≤—Ä–µ–∂–¥–µ–Ω–∏–µ —Ñ–∞–π–ª–æ–≤ –±–∞–∑—ã –¥–∞–Ω–Ω—ã—Ö.
  3. –°–±–æ–π —Å–µ—Ä–≤–µ—Ä–∞ –±–∞–∑—ã –¥–∞–Ω–Ω—ã—Ö.
  4. –ü—Ä–æ–±–ª–µ–º—ã —Å —Å–µ—Ç–µ–≤—ã–º –ø–æ–¥–∫–ª—é—á–µ–Ω–∏–µ–º.
  5. –ù–µ–≤–µ—Ä–Ω—ã–π –ª–æ–≥–∏–Ω –∏–ª–∏ –ø–∞—Ä–æ–ª—å.
üõ†Ô∏è **–†–µ—à–µ–Ω–∏–µ:**
  1. –ü–µ—Ä–µ–∑–∞–≥—Ä—É–∑–∏—Ç–µ –æ–±–æ—Ä—É–¥–æ–≤–∞–Ω–∏–µ.
  2. –ü—Ä–æ–≤–µ—Ä—å—Ç–µ —Å–µ—Ç–µ–≤–æ–µ —Å–æ–µ–¥–∏–Ω–µ–Ω–∏–µ.
  3. –£–±–µ–¥–∏—Ç–µ—Å—å, —á—Ç–æ –ª–æ–≥–∏–Ω –∏ –ø–∞—Ä–æ–ª—å –≤–≤–µ–¥–µ–Ω—ã –ø—Ä–∞–≤–∏–ª—å–Ω–æ.
  4. –ü—Ä–æ–≤–µ—Ä—å—Ç–µ —Ñ–∞–π–ª—ã –±–∞–∑—ã –¥–∞–Ω–Ω—ã—Ö –Ω–∞ –Ω–∞–ª–∏—á–∏–µ –ø–æ–≤—Ä–µ–∂–¥–µ–Ω–∏–π.
  5. –ü–µ—Ä–µ—É—Å—Ç–∞–Ω–æ–≤–∏—Ç–µ –±–∞–∑—É –¥–∞–Ω–Ω—ã—Ö, –µ—Å–ª–∏ –æ–Ω–∞ –ø–æ–≤—Ä–µ–∂–¥–µ–Ω–∞.
  6. –û–±—Ä–∞—Ç–∏—Ç–µ—Å—å –∫ –∞–¥–º–∏–Ω–∏—Å—Ç—Ä–∞—Ç–æ—Ä—É –±–∞–∑—ã –¥–∞–Ω–Ω—ã—Ö –¥–ª—è –ø—Ä–æ–≤–µ—Ä–∫–∏ –∫–æ–Ω—Ñ–∏–≥—É—Ä–∞—Ü–∏–∏ –∏ —Å–æ—Å—Ç–æ—è–Ω–∏—è —Å–µ—Ä–≤–µ—Ä–∞.
üìå **–†–µ–∫–æ–º–µ–Ω–¥–∞—Ü–∏–∏:**
  1. –†–µ–≥—É–ª—è—Ä–Ω–æ —Å–æ–∑–¥–∞–≤–∞–π—Ç–µ —Ä–µ–∑–µ—Ä–≤–Ω—ã–µ –∫–æ–ø–∏–∏ –±–∞–∑—ã –¥–∞–Ω–Ω—ã—Ö.
  2. –°–ª–µ–¥–∏—Ç–µ –∑–∞ —Å–æ—Å—Ç–æ—è–Ω–∏–µ–º —Å–µ—Ä–≤–µ—Ä–∞ –±–∞–∑—ã –¥–∞–Ω–Ω—ã—Ö.
  3. –ò—Å–ø–æ–ª—å–∑—É–π—Ç–µ –Ω–∞–¥–µ–∂–Ω—ã–µ –ø–∞—Ä–æ–ª–∏ –∏ —Ä–µ–≥—É–ª—è—Ä–Ω–æ –∏—Ö –æ–±–Ω–æ–≤–ª—è–π—Ç–µ.",1.5681748390197754,1654,0.33080000000000004
2025-03-23T06:58:02.165311,5847340672,moremanag,–ö–∞–∫ –ø—Ä–æ–≤–µ—Ä–∏—Ç—å –∏—Å–ø—Ä–∞–≤–Ω–æ—Å—Ç—å –∫–æ–Ω—Ç—Ä–æ–ª–ª–µ—Ä–∞?,"üîß **–ü—Ä–æ–±–ª–µ–º–∞:** –ü—Ä–æ–≤–µ—Ä–∫–∞ –∏—Å–ø—Ä–∞–≤–Ω–æ—Å—Ç–∏ –∫–æ–Ω—Ç—Ä–æ–ª–ª–µ—Ä–∞.
üîé **–í–æ–∑–º–æ–∂–Ω—ã–µ –ø—Ä–∏—á–∏–Ω—ã:**
  1. –ö–æ–Ω—Ç—Ä–æ–ª–ª–µ—Ä –Ω–µ –ø–æ–¥–∫–ª—é—á–µ–Ω –∫ –∏—Å—Ç–æ—á–Ω–∏–∫—É –ø–∏—Ç–∞–Ω–∏—è.
  2. –ù–µ–∏—Å–ø—Ä–∞–≤–µ–Ω –∫–∞–±–µ–ª—å –ø–æ–¥–∫–ª—é—á–µ–Ω–∏—è.
  3. –û—à–∏–±–∫–∞ –≤ –ø—Ä–æ–≥—Ä–∞–º–º–Ω–æ–º –æ–±–µ—Å–ø–µ—á–µ–Ω–∏–∏ –∫–æ–Ω—Ç—Ä–æ–ª–ª–µ—Ä–∞.
  4. –ö–æ–Ω—Ç—Ä–æ–ª–ª–µ—Ä –ø–æ–≤—Ä–µ–∂–¥–µ–Ω —Ñ–∏–∑–∏—á–µ—Å–∫–∏.
  5. –ù–µ–ø—Ä–∞–≤–∏–ª—å–Ω–∞—è –∫–æ–Ω—Ñ–∏–≥—É—Ä–∞—Ü–∏—è –∫–æ–Ω—Ç—Ä–æ–ª–ª–µ—Ä–∞.
üõ†Ô∏è **–†–µ—à–µ–Ω–∏–µ:**
   1. –£–±–µ–¥–∏—Ç–µ—Å—å, —á—Ç–æ –∫–æ–Ω—Ç—Ä–æ–ª–ª–µ—Ä –ø–æ–¥–∫–ª—é—á–µ–Ω –∫ –∏—Å—Ç–æ—á–Ω–∏–∫—É –ø–∏—Ç–∞–Ω–∏—è.
   2. –ü—Ä–æ–≤–µ—Ä—å—Ç–µ –∫–∞–±–µ–ª—å –ø–æ–¥–∫–ª—é—á–µ–Ω–∏—è –Ω–∞ –Ω–∞–ª–∏—á–∏–µ –ø–æ–≤—Ä–µ–∂–¥–µ–Ω–∏–π.
   3. –ü–µ—Ä–µ—É—Å—Ç–∞–Ω–æ–≤–∏—Ç–µ –ø—Ä–æ–≥—Ä–∞–º–º–Ω–æ–µ –æ–±–µ—Å–ø–µ—á–µ–Ω–∏–µ –∫–æ–Ω—Ç—Ä–æ–ª–ª–µ—Ä–∞.
   4. –ü—Ä–æ–≤–µ—Ä—å—Ç–µ —Ñ–∏–∑–∏—á–µ—Å–∫–æ–µ —Å–æ—Å—Ç–æ—è–Ω–∏–µ –∫–æ–Ω—Ç—Ä–æ–ª–ª–µ—Ä–∞ –Ω–∞ –Ω–∞–ª–∏—á–∏–µ –≤–∏–¥–∏–º—ã—Ö –ø–æ–≤—Ä–µ–∂–¥–µ–Ω–∏–π.
   5. –ü—Ä–æ–≤–µ—Ä—å—Ç–µ –ø—Ä–∞–≤–∏–ª—å–Ω–æ—Å—Ç—å –∫–æ–Ω—Ñ–∏–≥—É—Ä–∞—Ü–∏–∏ –∫–æ–Ω—Ç—Ä–æ–ª–ª–µ—Ä–∞ —Å–æ–≥–ª–∞—Å–Ω–æ –¥–æ–∫—É–º–µ–Ω—Ç–∞—Ü–∏–∏.",1.2813925743103027,1529,0.3058
2025-03-24T21:50:58.325707,5847340672,moremanag,–ö–∞–∫ –ø–µ—Ä–µ—É—Å—Ç–∞–Ω–æ–≤–∏—Ç—å –≤—Ä–µ–º—è –∏ –¥–∞—Ç—É  –Ω–∞ –∫–æ–Ω—Ç—Ä–æ–ª–ª–µ—Ä–µ?,"**–ü—Ä–æ–±–ª–µ–º–∞:** –ü–µ—Ä–µ—É—Å—Ç–∞–Ω–æ–≤–∫–∞ –≤—Ä–µ–º–µ–Ω–∏ –∏ –¥–∞—Ç—ã –Ω–∞ –∫–æ–Ω—Ç—Ä–æ–ª–ª–µ—Ä–µ.
üîé **–í–æ–∑–º–æ–∂–Ω—ã–µ –ø—Ä–∏—á–∏–Ω—ã:**
- –ù–µ–ø—Ä–∞–≤–∏–ª—å–Ω–∞—è –∫–æ–Ω—Ñ–∏–≥—É—Ä–∞—Ü–∏—è –≤—Ä–µ–º–µ–Ω–∏ –∏ –¥–∞—Ç—ã.
- –û—à–∏–±–∫–∞ —á–∞—Å–æ–≤ –∫–æ–Ω—Ç—Ä–æ–ª–ª–µ—Ä–∞.",1.097280502319336,1464,0.2928
2025-03-25T14:20:26.102898,5847340672,moremanag,–ö–æ–Ω—Ç—Ä–æ–ª–ª–µ—Ä –∑–∞–≤–∏—Å–∞–µ—Ç. –ß—Ç–æ –¥–µ–ª–∞—Ç—å?,"üîß **–ü—Ä–æ–±–ª–µ–º–∞:** –ö–æ–Ω—Ç—Ä–æ–ª–ª–µ—Ä –∑–∞–≤–∏—Å–∞–µ—Ç.
üîé **–í–æ–∑–º–æ–∂–Ω—ã–µ –ø—Ä–∏—á–∏–Ω—ã:**
  1. –ù–µ—Å–æ–≤–º–µ—Å—Ç–∏–º–æ—Å—Ç—å –ø—Ä–æ–≥—Ä–∞–º–º–Ω–æ–≥–æ –æ–±–µ—Å–ø–µ—á–µ–Ω–∏—è.
  2. –ü–µ—Ä–µ–≥—Ä–µ–≤ —É—Å—Ç—Ä–æ–π—Å—Ç–≤–∞.
  3. –û—à–∏–±–∫–∞ –≤ –ø—Ä–æ—à–∏–≤–∫–µ –∫–æ–Ω—Ç—Ä–æ–ª–ª–µ—Ä–∞.
  4. –°–±–æ–π –≤ —Ä–∞–±–æ—Ç–µ —Å–µ—Ç–∏.
  5. –ü—Ä–æ–±–ª–µ–º—ã —Å –ø–∏—Ç–∞–Ω–∏–µ–º.
üõ†Ô∏è **–†–µ—à–µ–Ω–∏–µ:**
  1. –ü—Ä–æ–≤–µ—Ä—å—Ç–µ —Å–æ–≤–º–µ—Å—Ç–∏–º–æ—Å—Ç—å –ø—Ä–æ–≥—Ä–∞–º–º–Ω–æ–≥–æ –æ–±–µ—Å–ø–µ—á–µ–Ω–∏—è. –£–±–µ–¥–∏—Ç–µ—Å—å, —á—Ç–æ –≤–µ—Ä—Å–∏—è –ü–û –∞–∫—Ç—É–∞–ª—å–Ω–∞.
  2. –£–±–µ–¥–∏—Ç–µ—Å—å, —á—Ç–æ —É—Å—Ç—Ä–æ–π—Å—Ç–≤–æ –Ω–µ –ø–µ—Ä–µ–≥—Ä–µ–≤–∞–µ—Ç—Å—è. –ü—Ä–æ–≤–µ—Ä—å—Ç–µ –≤–µ–Ω—Ç–∏–ª—è—Ü–∏—é –∏ –Ω–∞–ª–∏—á–∏–µ –ø—ã–ª–∏.
  3. –û–±–Ω–æ–≤–∏—Ç–µ –ø—Ä–æ—à–∏–≤–∫—É –∫–æ–Ω—Ç—Ä–æ–ª–ª–µ—Ä–∞ –¥–æ –ø–æ—Å–ª–µ–¥–Ω–µ–π –≤–µ—Ä—Å–∏–∏.
  4. –ü—Ä–æ–≤–µ—Ä—å—Ç–µ —Å–µ—Ç—å –Ω–∞ –Ω–∞–ª–∏—á–∏–µ —Å–±–æ–µ–≤.
  5. –£–±–µ–¥–∏—Ç–µ—Å—å, —á—Ç–æ –ø–∏—Ç–∞–Ω–∏–µ —Å—Ç–∞–±–∏–ª—å–Ω–æ –∏ —Å–æ–æ—Ç–≤–µ—Ç—Å—Ç–≤—É–µ—Ç —Ç—Ä–µ–±–æ–≤–∞–Ω–∏—è–º —É—Å—Ç—Ä–æ–π—Å—Ç–≤–∞.
üìå **–†–µ–∫–æ–º–µ–Ω–¥–∞—Ü–∏–∏:**
  1. –†–µ–≥—É–ª—è—Ä–Ω–æ –ø—Ä–æ–≤–µ—Ä—è–π—Ç–µ —Å–∏—Å—Ç–µ–º—É –Ω–∞ –ø—Ä–µ–¥–º–µ—Ç –æ—à–∏–±–æ–∫ –∏ —Å–±–æ–µ–≤.
  2. –°–æ–±–ª—é–¥–∞–π—Ç–µ —Ä–µ–∫–æ–º–µ–Ω–¥–∞—Ü–∏–∏ –ø—Ä–æ–∏–∑–≤–æ–¥–∏—Ç–µ–ª—è –ø–æ —É—Å—Ç–∞–Ω–æ–≤–∫–µ –∏ —ç–∫—Å–ø–ª—É–∞—Ç–∞—Ü–∏–∏ –æ–±–æ—Ä—É–¥–æ–≤–∞–Ω–∏—è.",1.5400187969207764,1598,0.3196
2025-03-26T05:08:26.007017,5847340672,moremanag,–ù–∞ –æ–¥–Ω–æ–π —É–ª–∏—Ü–µ –ø–æ–≥–∞—Å —Å–≤–µ—Ç. –ß—Ç–æ –º–æ–∂–µ—Ç –±—ã—Ç—å?,üö´ –≠—Ç–æ—Ç –≤–æ–ø—Ä–æ—Å –Ω–µ –æ—Ç–Ω–æ—Å–∏—Ç—Å—è –∫ —Ç–µ—Ö–Ω–∏—á–µ—Å–∫–∏–º –ø—Ä–æ–±–ª–µ–º–∞–º –æ–±–æ—Ä—É–¥–æ–≤–∞–Ω–∏—è. –ó–∞–¥–∞–π—Ç–µ –≤–æ–ø—Ä–æ—Å –ø–æ —ç–∫—Å–ø–ª—É–∞—Ç–∞—Ü–∏–∏ –∏–ª–∏ –Ω–∞—Å—Ç—Ä–æ–π–∫–µ —É—Å—Ç—Ä–æ–π—Å—Ç–≤.,0.4056415557861328,1300,0.26
2025-03-26T05:09:52.666535,5847340672,moremanag,–û—Å–≤–µ—â–µ–Ω–∏–µ –Ω–µ –≤–∫–ª—é—á–∞–µ—Ç—Å—è –Ω–∞ –æ–¥–Ω–æ–π –∏–∑ —É–ª–∏—Ü. –í –¥—Ä—É–≥–∏—Ö –º–µ—Å—Ç–∞—Ö —Ä–∞–±–æ—Ç–∞–µ—Ç –ø–æ —Ä–∞—Å–ø–∏—Å–∞–Ω–∏—é. –ß—Ç–æ –º–æ–∂–µ—Ç –±—ã—Ç—å?,"üîß **–ü—Ä–æ–±–ª–µ–º–∞:** –û—Å–≤–µ—â–µ–Ω–∏–µ –Ω–µ –≤–∫–ª—é—á–∞–µ—Ç—Å—è –Ω–∞ –æ–¥–Ω–æ–π –∏–∑ —É–ª–∏—Ü. –í –¥—Ä—É–≥–∏—Ö –º–µ—Å—Ç–∞—Ö —Ä–∞–±–æ—Ç–∞–µ—Ç –ø–æ —Ä–∞—Å–ø–∏—Å–∞–Ω–∏—é.
üîé **–í–æ–∑–º–æ–∂–Ω—ã–µ –ø—Ä–∏—á–∏–Ω—ã:**
  1. –°–±–æ–π —Ç–∞–π–º–µ—Ä–∞ –≤—Ä–µ–º–µ–Ω–∏.
  2. –ù–µ–∏—Å–ø—Ä–∞–≤–Ω–æ—Å—Ç—å –¥–∞—Ç—á–∏–∫–∞ –¥–≤–∏–∂–µ–Ω–∏—è.
  3. –ü—Ä–æ–±–ª–µ–º—ã —Å —ç–ª–µ–∫—Ç—Ä–æ–ø–∏—Ç–∞–Ω–∏–µ–º.
  4. –ù–µ–∫–æ—Ä—Ä–µ–∫—Ç–Ω–∞—è —Ä–∞–±–æ—Ç–∞ –∫–æ–Ω—Ç—Ä–æ–ª–ª–µ—Ä–∞ –æ—Å–≤–µ—â–µ–Ω–∏—è.
  5. –û—à–∏–±–∫–∞ –≤ –ø—Ä–æ–≥—Ä–∞–º–º–Ω–æ–º –æ–±–µ—Å–ø–µ—á–µ–Ω–∏–∏ —Å–∏—Å—Ç–µ–º—ã —É–ø—Ä–∞–≤–ª–µ–Ω–∏—è –æ—Å–≤–µ—â–µ–Ω–∏–µ–º.
üõ†Ô∏è **–†–µ—à–µ–Ω–∏–µ:**
   1. –ü—Ä–æ–≤–µ—Ä—å—Ç–µ –Ω–∞—Å—Ç—Ä–æ–π–∫–∏ —Ç–∞–π–º–µ—Ä–∞ –≤—Ä–µ–º–µ–Ω–∏. –£–±–µ–¥–∏—Ç–µ—Å—å, —á—Ç–æ –æ–Ω–∏ —É—Å—Ç–∞–Ω–æ–≤–ª–µ–Ω—ã –ø—Ä–∞–≤–∏–ª—å–Ω–æ –∏ —Å–∏–Ω—Ö—Ä–æ–Ω–∏–∑–∏—Ä–æ–≤–∞–Ω—ã —Å —Ç–µ–∫—É—â–∏–º –≤—Ä–µ–º–µ–Ω–µ–º.
   2. –ü—Ä–æ–≤–µ–¥–∏—Ç–µ –¥–∏–∞–≥–Ω–æ—Å—Ç–∏–∫—É –¥–∞—Ç—á–∏–∫–∞ –¥–≤–∏–∂–µ–Ω–∏—è. –í–æ–∑–º–æ–∂–Ω–æ, –æ–Ω —Ç—Ä–µ–±—É–µ—Ç –∫–∞–ª–∏–±—Ä–æ–≤–∫–∏ –∏–ª–∏ –∑–∞–º–µ–Ω—ã.
   3. –ü—Ä–æ–≤–µ—Ä—å—Ç–µ —Å–æ—Å—Ç–æ—è–Ω–∏–µ —ç–ª–µ–∫—Ç—Ä–æ–ø—Ä–æ–≤–æ–¥–∫–∏ –∏ –ø–æ–¥–∫–ª—é—á–µ–Ω–∏–µ —Å–≤–µ—Ç–∏–ª—å–Ω–∏–∫–æ–≤. –£–±–µ–¥–∏—Ç–µ—Å—å, —á—Ç–æ –ø–∏—Ç–∞–Ω–∏–µ –ø–æ–¥–∞–µ—Ç—Å—è —Å—Ç–∞–±–∏–ª—å–Ω–æ.
   4. –ü–µ—Ä–µ–∑–∞–≥—Ä—É–∑–∏—Ç–µ –∫–æ–Ω—Ç—Ä–æ–ª–ª–µ—Ä –æ—Å–≤–µ—â–µ–Ω–∏—è. –≠—Ç–æ –º–æ–∂–µ—Ç –ø–æ–º–æ—á—å –≤ —Å–ª—É—á–∞–µ –≤—Ä–µ–º–µ–Ω–Ω–æ–≥–æ —Å–±–æ—è.
   5. –û–±–Ω–æ–≤–∏—Ç–µ –ø—Ä–æ–≥—Ä–∞–º–º–Ω–æ–µ –æ–±–µ—Å–ø–µ—á–µ–Ω–∏–µ —Å–∏—Å—Ç–µ–º—ã —É–ø—Ä–∞–≤–ª–µ–Ω–∏—è –æ—Å–≤–µ—â–µ–Ω–∏–µ–º –¥–æ –ø–æ—Å–ª–µ–¥–Ω–µ–π –≤–µ—Ä—Å–∏–∏.
üìå **–†–µ–∫–æ–º–µ–Ω–¥–∞—Ü–∏–∏:**
   - –†–µ–≥—É–ª—è—Ä–Ω–æ –ø—Ä–æ–≤–µ—Ä—è–π—Ç–µ –∏ –æ–±—Å–ª—É–∂–∏–≤–∞–π—Ç–µ —Å–∏—Å—Ç–µ–º—É –æ—Å–≤–µ—â–µ–Ω–∏—è –¥–ª—è –ø—Ä–µ–¥–æ—Ç–≤—Ä–∞—â–µ–Ω–∏—è –ø–æ–¥–æ–±–Ω—ã—Ö –ø—Ä–æ–±–ª–µ–º.
   - –í–µ–¥–∏—Ç–µ –∂—É—Ä–Ω–∞–ª —É—á–µ—Ç–∞ –ø—Ä–æ–≤–µ—Ä–æ–∫ –∏ —Ä–µ–º–æ–Ω—Ç–æ–≤ –¥–ª—è –æ—Ç—Å–ª–µ–∂–∏–≤–∞–Ω–∏—è —Å–æ—Å—Ç–æ—è–Ω–∏—è —Å–∏—Å—Ç–µ–º—ã.",1.6665565967559814,1714,0.3428
2025-03-27T09:11:30.081185,5847340672,moremanag,–ö–∞–∫ –ø—Ä–æ–≤–µ—Ä–∏—Ç—å —Ä–∞–±–æ—Ç–æ—Å–ø–æ—Å–æ–±–Ω–æ—Å—Ç—å –∫–æ–Ω—Ç–∞–∫—Ç–æ—Ä–∞?,"üîß **–ü—Ä–æ–±–ª–µ–º–∞:** –ü—Ä–æ–≤–µ—Ä–∫–∞ —Ä–∞–±–æ—Ç–æ—Å–ø–æ—Å–æ–±–Ω–æ—Å—Ç–∏ –∫–æ–Ω—Ç–∞–∫—Ç–æ—Ä–∞.
üîé **–í–æ–∑–º–æ–∂–Ω—ã–µ –ø—Ä–∏—á–∏–Ω—ã:**
  1. –ù–µ–ø—Ä–∞–≤–∏–ª—å–Ω–æ–µ –ø–æ–¥–∫–ª—é—á–µ–Ω–∏–µ –∫–æ–Ω—Ç–∞–∫—Ç–æ—Ä–æ–≤.
  2. –û–∫–∏—Å–ª–µ–Ω–∏–µ –∫–æ–Ω—Ç–∞–∫—Ç–æ–≤.
  3. –ù–µ–∏—Å–ø—Ä–∞–≤–Ω–æ—Å—Ç—å –∫–∞—Ç—É—à–∫–∏ —É–ø—Ä–∞–≤–ª–µ–Ω–∏—è.
  4. –ü–ª–æ—Ö–æ–π –∫–æ–Ω—Ç–∞–∫—Ç –≤ —Ü–µ–ø–∏ —É–ø—Ä–∞–≤–ª–µ–Ω–∏—è.
  5. –ù–∏–∑–∫–æ–µ –Ω–∞–ø—Ä—è–∂–µ–Ω–∏–µ –ø–∏—Ç–∞–Ω–∏—è.",1.4310109615325928,1582,0.3164
2025-03-30T06:14:49.213166,5847340672,moremanag,–£ –Ω–∞—Å –Ω–µ—Ç –∏–Ω—Ñ–æ—Ä–º–∞—Ü–∏–∏ –æ—Ç –ø—Ä–∏–±–æ—Ä–∞ —É—á—ë—Ç–∞ —ç–Ω–µ—Ä–≥–∏–∏ –Ω–∞ –¢–ü-55. –í —á–µ–º –¥–µ–ª–æ?,"üîß –ü—Ä–æ–±–ª–µ–º–∞: –ù–µ—Ç –∏–Ω—Ñ–æ—Ä–º–∞—Ü–∏–∏ –æ—Ç –ø—Ä–∏–±–æ—Ä–∞ —É—á–µ—Ç–∞ —ç–Ω–µ—Ä–≥–∏–∏ –Ω–∞ —Ç—Ä–∞–Ω—Å—Ñ–æ—Ä–º–∞—Ç–æ—Ä–Ω–æ–π –ø–æ–¥—Å—Ç–∞–Ω—Ü–∏–∏ (–¢–ü)-55.
üîé –í–æ–∑–º–æ–∂–Ω—ã–µ –ø—Ä–∏—á–∏–Ω—ã:
  1. –°–±–æ–π —Å–≤—è–∑–∏ –º–µ–∂–¥—É –ø—Ä–∏–±–æ—Ä–æ–º —É—á–µ—Ç–∞ –∏ —Å–µ—Ä–≤–µ—Ä–æ–º.
  2. –û—à–∏–±–∫–∞ –≤ –∫–æ–Ω—Ñ–∏–≥—É—Ä–∞—Ü–∏–∏ —Å–µ—Ç–∏ –ø–µ—Ä–µ–¥–∞—á–∏ –¥–∞–Ω–Ω—ã—Ö.
  3. –¢–µ—Ö–Ω–∏—á–µ—Å–∫–∏–µ –ø—Ä–æ–±–ª–µ–º—ã —Å —Å–∞–º–∏–º –ø—Ä–∏–±–æ—Ä–æ–º —É—á–µ—Ç–∞.
  4. –ù–µ–∫–æ—Ä—Ä–µ–∫—Ç–Ω–∞—è —Ä–∞–±–æ—Ç–∞ –ø—Ä–æ–≥—Ä–∞–º–º–Ω–æ–≥–æ –æ–±–µ—Å–ø–µ—á–µ–Ω–∏—è.
üõ†Ô∏è –†–µ—à–µ–Ω–∏–µ:
  1. –ü—Ä–æ–≤–µ—Ä—å—Ç–µ –ø–æ–¥–∫–ª—é—á–µ–Ω–∏–µ –ø—Ä–∏–±–æ—Ä–∞ —É—á–µ—Ç–∞ –∫ —Å–µ—Ç–∏ –∏ –µ–≥–æ –ø–∏—Ç–∞–Ω–∏–µ.
  2. –£–±–µ–¥–∏—Ç–µ—Å—å, —á—Ç–æ —Å–µ—Ç–µ–≤—ã–µ –Ω–∞—Å—Ç—Ä–æ–π–∫–∏ –ø—Ä–∞–≤–∏–ª—å–Ω—ã–µ –∏ –¥–æ—Å—Ç—É–ø–Ω—ã —Å–µ—Ä–≤–µ—Ä—É.
  3. –ü–µ—Ä–µ–∑–∞–≥—Ä—É–∑–∏—Ç–µ –ø—Ä–∏–±–æ—Ä —É—á–µ—Ç–∞ –∏ –ø—Ä–æ–≤–µ—Ä—å—Ç–µ –µ–≥–æ —Å—Ç–∞—Ç—É—Å –∑–∞–Ω–æ–≤–æ.
  4. –°–≤—è–∂–∏—Ç–µ—Å—å —Å –ø–æ—Å—Ç–∞–≤—â–∏–∫–æ–º –æ–±–æ—Ä—É–¥–æ–≤–∞–Ω–∏—è –¥–ª—è –¥–∏–∞–≥–Ω–æ—Å—Ç–∏–∫–∏ –∏ —Ä–µ–º–æ–Ω—Ç–∞ –ø—Ä–∏–±–æ—Ä–∞ —É—á–µ—Ç–∞.
üìå –†–µ–∫–æ–º–µ–Ω–¥–∞—Ü–∏–∏:
  1. –†–µ–≥—É–ª—è—Ä–Ω–æ –ø—Ä–æ–≤–µ—Ä—è–π—Ç–µ –ª–æ–≥–∏ —Å–∏—Å—Ç–µ–º—ã –Ω–∞ –Ω–∞–ª–∏—á–∏–µ –æ—à–∏–±–æ–∫ –∏ –ø—Ä–µ–¥—É–ø—Ä–µ–∂–¥–µ–Ω–∏–π.
  2. –°–æ—Ö—Ä–∞–Ω—è–π—Ç–µ —Ä–µ–∑–µ—Ä–≤–Ω—ã–µ –∫–æ–ø–∏–∏ –∫–æ–Ω—Ñ–∏–≥—É—Ä–∞—Ü–∏–π –∏ –¥–∞–Ω–Ω—ã—Ö –¥–ª—è –≤–æ—Å—Å—Ç–∞–Ω–æ–≤–ª–µ–Ω–∏—è –≤ —Å–ª—É—á–∞–µ —Å–±–æ–µ–≤.",1.4053335189819336,1621,0.3242
2025-03-31T18:33:09.555539,5847340672,moremanag,–ù–µ —Å–æ–≤–ø–∞–¥–∞–µ—Ç –≤—Ä–µ–º—è —É—Å—Ç–∞–Ω–æ–≤–ª–µ–Ω–Ω–æ–µ –¥–ª—è –≤–∫–ª—é—á–µ–Ω–∏—è –æ—Å–≤–µ—â–µ–Ω–∏—è –∏ —Ñ–∞–∫—Ç–∏—á–µ—Å–∫–æ–µ –≤—Ä–µ–º—è –≤–∫–ª—é—á–µ–Ω–∏—è –æ—Å–≤–µ—â–µ–Ω–∏—è,"üîß –ü—Ä–æ–±–ª–µ–º–∞: –ù–µ —Å–æ–≤–ø–∞–¥–∞–µ—Ç –≤—Ä–µ–º—è —É—Å—Ç–∞–Ω–æ–≤–ª–µ–Ω–Ω–æ–≥–æ –¥–ª—è –≤–∫–ª—é—á–µ–Ω–∏—è –æ—Å–≤–µ—â–µ–Ω–∏—è –∏ —Ñ–∞–∫—Ç–∏—á–µ—Å–∫–æ–µ –≤—Ä–µ–º—è –≤–∫–ª—é—á–µ–Ω–∏—è –æ—Å–≤–µ—â–µ–Ω–∏—è.
üîé –í–æ–∑–º–æ–∂–Ω—ã–µ –ø—Ä–∏—á–∏–Ω—ã:
  1. –û—à–∏–±–∫–∞ –≤ –Ω–∞—Å—Ç—Ä–æ–π–∫–∞—Ö –≤—Ä–µ–º–µ–Ω–∏ –Ω–∞ —É—Å—Ç—Ä–æ–π—Å—Ç–≤–µ.
  2. –°–±–æ–π —Å–∏–Ω—Ö—Ä–æ–Ω–∏–∑–∞—Ü–∏–∏ –≤—Ä–µ–º–µ–Ω–∏ —É—Å—Ç—Ä–æ–π—Å—Ç–≤–∞ —Å —Å–µ—Ä–≤–µ—Ä–æ–º.
  3. –ù–µ–∫–æ—Ä—Ä–µ–∫—Ç–Ω–∞—è —Ä–∞–±–æ—Ç–∞ —Ç–∞–π–º–µ—Ä–∞ –∏–ª–∏ –ø—Ä–æ–≥—Ä–∞–º–º–Ω–æ–≥–æ –æ–±–µ—Å–ø–µ—á–µ–Ω–∏—è.
üõ†Ô∏è –†–µ—à–µ–Ω–∏–µ:
  1. –ü—Ä–æ–≤–µ—Ä—å—Ç–µ –Ω–∞—Å—Ç—Ä–æ–π–∫–∏ –≤—Ä–µ–º–µ–Ω–∏ –Ω–∞ —É—Å—Ç—Ä–æ–π—Å—Ç–≤–µ –∏ —É–±–µ–¥–∏—Ç–µ—Å—å, —á—Ç–æ –æ–Ω–∏ —É—Å—Ç–∞–Ω–æ–≤–ª–µ–Ω—ã –ø—Ä–∞–≤–∏–ª—å–Ω–æ.
  2. –ü–µ—Ä–µ–∑–∞–≥—Ä—É–∑–∏—Ç–µ —É—Å—Ç—Ä–æ–π—Å—Ç–≤–æ, —á—Ç–æ–±—ã –∏—Å–∫–ª—é—á–∏—Ç—å –≤–æ–∑–º–æ–∂–Ω—ã–µ —Å–±–æ–∏ –≤ —Ä–∞–±–æ—Ç–µ –ü–û.
  3. –ï—Å–ª–∏ –ø—Ä–æ–±–ª–µ–º–∞ —Å–æ—Ö—Ä–∞–Ω—è–µ—Ç—Å—è, –ø—Ä–æ–≤–µ—Ä—å—Ç–µ –Ω–∞–ª–∏—á–∏–µ –æ–±–Ω–æ–≤–ª–µ–Ω–∏–π –ø—Ä–æ—à–∏–≤–∫–∏ –∏ —É—Å—Ç–∞–Ω–æ–≤–∏—Ç–µ –∏—Ö –ø—Ä–∏ –Ω–∞–ª–∏—á–∏–∏.
üìå –†–µ–∫–æ–º–µ–Ω–¥–∞—Ü–∏–∏:
  1. –†–µ–≥—É–ª—è—Ä–Ω–æ –ø—Ä–æ–≤–µ—Ä—è–π—Ç–µ –∏ –∫–æ—Ä—Ä–µ–∫—Ç–∏—Ä—É–π—Ç–µ –Ω–∞—Å—Ç—Ä–æ–π–∫–∏ –≤—Ä–µ–º–µ–Ω–∏ –Ω–∞ —É—Å—Ç—Ä–æ–π—Å—Ç–≤–µ.
  2. –°–ª–µ–¥–∏—Ç–µ –∑–∞ –æ–±–Ω–æ–≤–ª–µ–Ω–∏—è–º–∏ –ø—Ä–æ—à–∏–≤–∫–∏ –∏ —É—Å—Ç–∞–Ω–∞–≤–ª–∏–≤–∞–π—Ç–µ –∏—Ö —Å–≤–æ–µ–≤—Ä–µ–º–µ–Ω–Ω–æ.",8.750028848648071,1579,0.3158
2025-04-01T09:42:00.496536,8065835392,veshnyakovskiy_engineer,"–í—Å–µ —à–∫–∞—Ñ—ã, –Ω–∞—Ö–æ–¥—è—â–∏–µ—Å—è –≤ –≥—Ä—É–ø–ø–µ, –Ω–µ –Ω–∞ —Å–≤—è–∑–∏","üîß **–ü—Ä–æ–±–ª–µ–º–∞:** –í—Å–µ —à–∫–∞—Ñ—ã, –≤—Ö–æ–¥—è—â–∏–µ –≤ –≥—Ä—É–ø–ø—É, –Ω–µ –Ω–∞—Ö–æ–¥—è—Ç—Å—è –Ω–∞ —Å–≤—è–∑–∏.
üîé **–í–æ–∑–º–æ–∂–Ω—ã–µ –ø—Ä–∏—á–∏–Ω—ã:**
  1. –°–±–æ–π —Å–µ—Ç–∏ –∏–ª–∏ –ø–æ—Ç–µ—Ä—è —Å–æ–µ–¥–∏–Ω–µ–Ω–∏—è –º–µ–∂–¥—É —É—Å—Ç—Ä–æ–π—Å—Ç–≤–∞–º–∏ –≥—Ä—É–ø–ø—ã.
  2. –ù–µ–∫–æ—Ä—Ä–µ–∫—Ç–Ω–∞—è –∫–æ–Ω—Ñ–∏–≥—É—Ä–∞—Ü–∏—è —Å–µ—Ç–∏ –∏–ª–∏ –≥—Ä—É–ø–ø—ã.
  3. –ù–µ–∏—Å–ø—Ä–∞–≤–Ω–æ—Å—Ç—å –æ–¥–Ω–æ–≥–æ –∏–ª–∏ –Ω–µ—Å–∫–æ–ª—å–∫–∏—Ö —É—Å—Ç—Ä–æ–π—Å—Ç–≤ –≤ –≥—Ä—É–ø–ø–µ.
  4. –û—à–∏–±–∫–∞ –ø—Ä–æ–≥—Ä–∞–º–º–∏—Ä–æ–≤–∞–Ω–∏—è –∏–ª–∏ –Ω–∞—Å—Ç—Ä–æ–π–∫–∏ –≥—Ä—É–ø–ø—ã.
  5. –ù–µ—Å–æ–≤–º–µ—Å—Ç–∏–º–æ—Å—Ç—å –æ–±–æ—Ä—É–¥–æ–≤–∞–Ω–∏—è –∏–ª–∏ –≤–µ—Ä—Å–∏–∏ –ü–û.
üõ†Ô∏è **–†–µ—à–µ–Ω–∏–µ:**
  1. –ü—Ä–æ–≤–µ—Ä—å—Ç–µ —Å–µ—Ç–µ–≤—ã–µ –ø–æ–¥–∫–ª—é—á–µ–Ω–∏—è –≤—Å–µ—Ö —à–∫–∞—Ñ–æ–≤ –≤ –≥—Ä—É–ø–ø–µ. –£–±–µ–¥–∏—Ç–µ—Å—å, —á—Ç–æ –æ–Ω–∏ –ø–æ–¥–∫–ª—é—á–µ–Ω—ã –∫ –æ–¥–Ω–æ–π —Å–µ—Ç–∏ –∏ –∏–º–µ—é—Ç –∫–æ—Ä—Ä–µ–∫—Ç–Ω—ã–µ IP-–∞–¥—Ä–µ—Å–∞.
  2. –ü–µ—Ä–µ–∑–∞–≥—Ä—É–∑–∏—Ç–µ –≤—Å–µ —à–∫–∞—Ñ—ã –≤ –≥—Ä—É–ø–ø–µ.
  3. –ü—Ä–æ–≤–µ—Ä—å—Ç–µ –∫–æ–Ω—Ñ–∏–≥—É—Ä–∞—Ü–∏—é –≥—Ä—É–ø–ø—ã –∏ —É–±–µ–¥–∏—Ç–µ—Å—å, —á—Ç–æ –æ–Ω–∞ –Ω–∞—Å—Ç—Ä–æ–µ–Ω–∞ –ø—Ä–∞–≤–∏–ª—å–Ω–æ.
  4. –û–±–Ω–æ–≤–∏—Ç–µ –ø—Ä–æ—à–∏–≤–∫—É –≤—Å–µ—Ö —à–∫–∞—Ñ–æ–≤ –¥–æ –ø–æ—Å–ª–µ–¥–Ω–µ–π –≤–µ—Ä—Å–∏–∏.
  5. –ü—Ä–æ–≤–µ—Ä—å—Ç–µ –Ω–∞–ª–∏—á–∏–µ –æ–±–Ω–æ–≤–ª–µ–Ω–∏–π –ø—Ä–æ–≥—Ä–∞–º–º–Ω–æ–≥–æ –æ–±–µ—Å–ø–µ—á–µ–Ω–∏—è –¥–ª—è —É–ø—Ä–∞–≤–ª–µ–Ω–∏—è –≥—Ä—É–ø–ø–æ–π.
  6. –û–±—Ä–∞—Ç–∏—Ç–µ—Å—å –≤ —Å–ª—É–∂–±—É –ø–æ–¥–¥–µ—Ä–∂–∫–∏ –ø—Ä–æ–∏–∑–≤–æ–¥–∏—Ç–µ–ª—è –¥–ª—è –ø–æ–ª—É—á–µ–Ω–∏—è –¥–æ–ø–æ–ª–Ω–∏—Ç–µ–ª—å–Ω—ã—Ö —Ä–µ–∫–æ–º–µ–Ω–¥–∞—Ü–∏–π –∏–ª–∏ –ø–æ–º–æ—â–∏.
üìå **–†–µ–∫–æ–º–µ–Ω–¥–∞—Ü–∏–∏:**
  1. –†–µ–≥—É–ª—è—Ä–Ω–æ –ø—Ä–æ–≤–µ—Ä—è–π—Ç–µ —Å–æ—Å—Ç–æ—è–Ω–∏–µ —Å–µ—Ç–∏ –∏ —É—Å—Ç—Ä–æ–π—Å—Ç–≤ –≥—Ä—É–ø–ø—ã.
  2. –°–æ–∑–¥–∞–≤–∞–π—Ç–µ —Ä–µ–∑–µ—Ä–≤–Ω—ã–µ –∫–æ–ø–∏–∏ –∫–æ–Ω—Ñ–∏–≥—É—Ä–∞—Ü–∏–∏ –≥—Ä—É–ø–ø—ã –∏ —É—Å—Ç—Ä–æ–π—Å—Ç–≤.
  3. –ò—Å–ø–æ–ª—å–∑—É–π—Ç–µ –æ–±–æ—Ä—É–¥–æ–≤–∞–Ω–∏–µ –∏ –ø—Ä–æ–≥—Ä–∞–º–º–Ω–æ–µ –æ–±–µ—Å–ø–µ—á–µ–Ω–∏–µ –æ—Ç –æ–¥–Ω–æ–≥–æ –ø—Ä–æ–∏–∑–≤–æ–¥–∏—Ç–µ–ª—è –¥–ª—è –º–∏–Ω–∏–º–∏–∑–∞—Ü–∏–∏ —Ä–∏—Å–∫–æ–≤ –Ω–µ—Å–æ–≤–º–µ—Å—Ç–∏–º–æ—Å—Ç–∏.",8.273061990737915,1759,0.3518
2025-04-01T09:42:47.132362,8065835392,veshnyakovskiy_engineer,–ê –µ—Å—Ç—å –∏–Ω—Å—Ç—Ä—É–∫—Ü–∏—è –ø—Ä–∏ –º–∞—Å—Å–æ–≤—ã—Ö –æ—Ç–∫–ª—é—á–µ–Ω–∏—è—Ö —Å–≤—è–∑–∏?,üö´ –≠—Ç–æ—Ç –≤–æ–ø—Ä–æ—Å –Ω–µ –æ—Ç–Ω–æ—Å–∏—Ç—Å—è –∫ —Ç–µ—Ö–Ω–∏—á–µ—Å–∫–∏–º –ø—Ä–æ–±–ª–µ–º–∞–º –æ–±–æ—Ä—É–¥–æ–≤–∞–Ω–∏—è. –ó–∞–¥–∞–π—Ç–µ –≤–æ–ø—Ä–æ—Å –ø–æ —ç–∫—Å–ø–ª—É–∞—Ç–∞—Ü–∏–∏ –∏–ª–∏ –Ω–∞—Å—Ç—Ä–æ–π–∫–µ —É—Å—Ç—Ä–æ–π—Å—Ç–≤.,3.486990213394165,1300,0.26
2025-04-01T09:43:13.130779,8065835392,veshnyakovskiy_engineer,–ê –µ—Å—Ç—å –∏–Ω—Å—Ç—Ä—É–∫—Ü–∏—è –ø—Ä–∏ –º–∞—Å—Å–æ–≤—ã—Ö –æ—Ç–∫–ª—é—á–µ–Ω–∏—è—Ö —Å–≤—è–∑–∏ –Ω–∞ –∫–æ–Ω—Ç—Ä–æ–ª–ª–µ—Ä–∞—Ö?,"üîß –ú–∞—Å—Å–æ–≤—ã–µ –æ—Ç–∫–ª—é—á–µ–Ω–∏—è —Å–≤—è–∑–∏ –Ω–∞ –∫–æ–Ω—Ç—Ä–æ–ª–ª–µ—Ä–∞—Ö
üîé –í–æ–∑–º–æ–∂–Ω—ã–µ –ø—Ä–∏—á–∏–Ω—ã:
- –ù–µ–∏—Å–ø—Ä–∞–≤–Ω–æ—Å—Ç—å –∫–∞–±–µ–ª–µ–π –∏–ª–∏ —Ä–∞–∑—ä–µ–º–æ–≤
- –°–±–æ–π –≤ –ø—Ä–æ–≥—Ä–∞–º–º–Ω–æ–º –æ–±–µ—Å–ø–µ—á–µ–Ω–∏–∏ –∫–æ–Ω—Ç—Ä–æ–ª–ª–µ—Ä–æ–≤
- –ü—Ä–æ–±–ª–µ–º—ã —Å –ø–∏—Ç–∞–Ω–∏–µ–º
- –û—à–∏–±–∫–∏ –∫–æ–Ω—Ñ–∏–≥—É—Ä–∞—Ü–∏–∏ —Å–µ—Ç–∏",4.5341832637786865,1608,0.3216
2025-04-01T09:45:00.874703,8065835392,veshnyakovskiy_engineer,–ö–æ–Ω—Ç—Ä–æ–ª–ª–µ—Ä –Ω–µ –≤–∫–ª—é—á–∞–µ—Ç –æ—Å–≤–µ—â–µ–Ω–∏–µ,"üîß **–ü—Ä–æ–±–ª–µ–º–∞:** –ö–æ–Ω—Ç—Ä–æ–ª–ª–µ—Ä –Ω–µ –≤–∫–ª—é—á–∞–µ—Ç –æ—Å–≤–µ—â–µ–Ω–∏–µ.
üîé **–í–æ–∑–º–æ–∂–Ω—ã–µ –ø—Ä–∏—á–∏–Ω—ã:**
  1. –ù–µ–ø—Ä–∞–≤–∏–ª—å–Ω–æ–µ –ø–æ–¥–∫–ª—é—á–µ–Ω–∏–µ –∫–æ–Ω—Ç—Ä–æ–ª–ª–µ—Ä–∞.
  2. –ù–∏–∑–∫–∏–π —É—Ä–æ–≤–µ–Ω—å –∑–∞—Ä—è–¥–∞ –±–∞—Ç–∞—Ä–µ–∏.
  3. –ù–µ–∏—Å–ø—Ä–∞–≤–Ω–æ—Å—Ç—å –∫–æ–Ω—Ç—Ä–æ–ª–ª–µ—Ä–∞.
  4. –û—à–∏–±–∫–∞ –ø—Ä–æ–≥—Ä–∞–º–º–Ω–æ–≥–æ –æ–±–µ—Å–ø–µ—á–µ–Ω–∏—è.
  5. –ü–µ—Ä–µ–≥–æ—Ä–µ–ª–∞ –ª–∞–º–ø–∞.
  6. –ü—Ä–æ–±–ª–µ–º—ã —Å —ç–ª–µ–∫—Ç—Ä–æ–ø–∏—Ç–∞–Ω–∏–µ–º.
üõ†Ô∏è **–†–µ—à–µ–Ω–∏–µ:**
  1. –ü—Ä–æ–≤–µ—Ä—å—Ç–µ –ø—Ä–∞–≤–∏–ª—å–Ω–æ—Å—Ç—å –ø–æ–¥–∫–ª—é—á–µ–Ω–∏—è –∫–æ–Ω—Ç—Ä–æ–ª–ª–µ—Ä–∞.
  2. –ó–∞–º–µ–Ω–∏—Ç–µ –±–∞—Ç–∞—Ä–µ–π–∫—É –≤ –∫–æ–Ω—Ç—Ä–æ–ª–ª–µ—Ä–µ (–µ—Å–ª–∏ –∏—Å–ø–æ–ª—å–∑—É–µ—Ç—Å—è –±–µ—Å–ø—Ä–æ–≤–æ–¥–Ω–æ–π –≤–∞—Ä–∏–∞–Ω—Ç).
  3. –ü—Ä–æ–≤–µ—Ä—å—Ç–µ —Ä–∞–±–æ—Ç–æ—Å–ø–æ—Å–æ–±–Ω–æ—Å—Ç—å –ª–∞–º–ø—ã.
  4. –£–±–µ–¥–∏—Ç–µ—Å—å, —á—Ç–æ –Ω–∞ –∫–æ–Ω—Ç—Ä–æ–ª–ª–µ—Ä –ø–æ–¥–∞–µ—Ç—Å—è —Å—Ç–∞–±–∏–ª—å–Ω–æ–µ —ç–ª–µ–∫—Ç—Ä–æ–ø–∏—Ç–∞–Ω–∏–µ.
  5. –í—ã–ø–æ–ª–Ω–∏—Ç–µ —Å–±—Ä–æ—Å –∫–æ–Ω—Ç—Ä–æ–ª–ª–µ—Ä–∞ –¥–æ –∑–∞–≤–æ–¥—Å–∫–∏—Ö –Ω–∞—Å—Ç—Ä–æ–µ–∫ (–µ—Å–ª–∏ –≤–æ–∑–º–æ–∂–Ω–æ).
  6. –û–±—Ä–∞—Ç–∏—Ç–µ—Å—å –≤ —Å–ª—É–∂–±—É –ø–æ–¥–¥–µ—Ä–∂–∫–∏ –ø—Ä–æ–∏–∑–≤–æ–¥–∏—Ç–µ–ª—è –∫–æ–Ω—Ç—Ä–æ–ª–ª–µ—Ä–∞ –¥–ª—è –¥–∏–∞–≥–Ω–æ—Å—Ç–∏–∫–∏ –∏ —Ä–µ–º–æ–Ω—Ç–∞.
üìå **–†–µ–∫–æ–º–µ–Ω–¥–∞—Ü–∏–∏:**
  1. –†–µ–≥—É–ª—è—Ä–Ω–æ –ø—Ä–æ–≤–µ—Ä—è–π—Ç–µ —Å–æ—Å—Ç–æ—è–Ω–∏–µ –±–∞—Ç–∞—Ä–µ–π–∫–∏ –≤ –∫–æ–Ω—Ç—Ä–æ–ª–ª–µ—Ä–µ.
  2. –°–æ–±–ª—é–¥–∞–π—Ç–µ –ø—Ä–∞–≤–∏–ª–∞ —ç–∫—Å–ø–ª—É–∞—Ç–∞—Ü–∏–∏ –∫–æ–Ω—Ç—Ä–æ–ª–ª–µ—Ä–∞, —É–∫–∞–∑–∞–Ω–Ω—ã–µ –≤ —Ä—É–∫–æ–≤–æ–¥—Å—Ç–≤–µ –ø–æ–ª—å–∑–æ–≤–∞—Ç–µ–ª—è.",4.620424509048462,1650,0.33
2025-04-01T09:53:37.554146,8065835392,veshnyakovskiy_engineer,–û—Å–≤–µ—â–µ–Ω–∏–µ –Ω–µ –≤–∫–ª—é—á–∞–µ—Ç—Å—è –ø–æ –∫–æ–º–∞–Ω–¥–µ –∏–ª–∏ –ø–æ —Ä–∞—Å–ø–∏—Å–∞–Ω–∏—é,"üîß **–ü—Ä–æ–±–ª–µ–º–∞:** –û—Å–≤–µ—â–µ–Ω–∏–µ –Ω–µ –≤–∫–ª—é—á–∞–µ—Ç—Å—è –ø–æ –∫–æ–º–∞–Ω–¥–µ –∏–ª–∏ –ø–æ —Ä–∞—Å–ø–∏—Å–∞–Ω–∏—é.
üîé **–í–æ–∑–º–æ–∂–Ω—ã–µ –ø—Ä–∏—á–∏–Ω—ã:**
  1. –ù–µ–ø—Ä–∞–≤–∏–ª—å–Ω–∞—è –Ω–∞—Å—Ç—Ä–æ–π–∫–∞ –≤—Ä–µ–º–µ–Ω–∏ –∏–ª–∏ –¥–∞—Ç—ã –≤ –∫–æ–Ω—Ç—Ä–æ–ª–ª–µ—Ä–µ.
  2. –°–±–æ–π –≤ —Ä–∞–±–æ—Ç–µ –ø—Ä–æ–≥—Ä–∞–º–º–Ω–æ–≥–æ –æ–±–µ—Å–ø–µ—á–µ–Ω–∏—è –∫–æ–Ω—Ç—Ä–æ–ª–ª–µ—Ä–∞.
  3. –ù–µ–∏—Å–ø—Ä–∞–≤–Ω–æ—Å—Ç—å –¥–∞—Ç—á–∏–∫–∞ –¥–≤–∏–∂–µ–Ω–∏—è –∏–ª–∏ –æ—Å–≤–µ—â–µ–Ω–Ω–æ—Å—Ç–∏.
  4. –û—Ç—Å—É—Ç—Å—Ç–≤–∏–µ –ø–∏—Ç–∞–Ω–∏—è –Ω–∞ —É—Å—Ç—Ä–æ–π—Å—Ç–≤–µ.
  5. –ü—Ä–æ–±–ª–µ–º—ã —Å —Å–µ—Ç—å—é –∏–ª–∏ –∏–Ω—Ç–µ—Ä–Ω–µ—Ç–æ–º.
  6. –ù–µ–∫–æ—Ä—Ä–µ–∫—Ç–Ω–∞—è —Ä–∞–±–æ—Ç–∞ —Å–µ—Ä–≤–µ—Ä–∞ —É–ø—Ä–∞–≤–ª–µ–Ω–∏—è.
  7. –û—à–∏–±–∫–∞ –≤ –∫–æ–Ω—Ñ–∏–≥—É—Ä–∞—Ü–∏–∏ —Ä–∞—Å–ø–∏—Å–∞–Ω–∏—è.
  8. –ù–µ—Å–æ–æ—Ç–≤–µ—Ç—Å—Ç–≤–∏–µ –ø–∞—Ä–∞–º–µ—Ç—Ä–æ–≤ —É—Å—Ç—Ä–æ–π—Å—Ç–≤–∞ –∏ —Ç–µ–∫—É—â–µ–π –≤–µ—Ä—Å–∏–∏ –ü–û.",5.1373631954193115,1772,0.3544
